layer,slot,target,acc
0,A,a,0.9966666666666667
0,A,b,0.02
0,A,s,0.010666666666666666
0,A,c,0.029333333333333333
0,A,t,0.026
0,op1,a,0.9966666666666667
0,op1,b,0.013333333333333334
0,op1,s,0.012
0,op1,c,0.024666666666666667
0,op1,t,0.028
0,B,a,0.098
0,B,b,0.38666666666666666
0,B,s,0.02666666666666667
0,B,c,0.024
0,B,t,0.02266666666666667
0,B,s_shuffled,0.018666666666666668
0,op2,a,0.37333333333333335
0,op2,b,0.4086666666666667
0,op2,s,0.098
0,op2,c,0.025333333333333333
0,op2,t,0.027333333333333334
0,op2,s_shuffled,0.024666666666666667
0,C,a,0.06866666666666667
0,C,b,0.10733333333333334
0,C,s,0.04133333333333333
0,C,c,0.708
0,C,t,0.034
0,eq,a,0.598
0,eq,b,0.5786666666666667
0,eq,s,0.05
0,eq,c,0.6346666666666667
0,eq,t,0.07866666666666666
0,eq,s_shuffled,0.013333333333333334
1,A,a,0.9966666666666667
1,A,b,0.019333333333333334
1,A,s,0.010666666666666666
1,A,c,0.02666666666666667
1,A,t,0.027333333333333334
1,op1,a,0.9966666666666667
1,op1,b,0.014666666666666666
1,op1,s,0.011333333333333334
1,op1,c,0.027333333333333334
1,op1,t,0.026
1,B,a,0.12466666666666666
1,B,b,0.39066666666666666
1,B,s,0.015333333333333332
1,B,c,0.023333333333333334
1,B,t,0.024666666666666667
1,B,s_shuffled,0.017333333333333333
1,op2,a,0.31866666666666665
1,op2,b,0.30333333333333334
1,op2,s,0.05266666666666667
1,op2,c,0.025333333333333333
1,op2,t,0.025333333333333333
1,op2,s_shuffled,0.019333333333333334
1,C,a,0.16333333333333333
1,C,b,0.23333333333333334
1,C,s,0.03666666666666667
1,C,c,0.6886666666666666
1,C,t,0.04066666666666666
1,eq,a,0.498
1,eq,b,0.466
1,eq,s,0.06066666666666667
1,eq,c,0.506
1,eq,t,0.06133333333333333
1,eq,s_shuffled,0.016
2,A,a,0.9966666666666667
2,A,b,0.018
2,A,s,0.012666666666666666
2,A,c,0.026
2,A,t,0.02666666666666667
2,op1,a,0.9966666666666667
2,op1,b,0.011333333333333334
2,op1,s,0.01
2,op1,c,0.028
2,op1,t,0.026
2,B,a,0.12866666666666668
2,B,b,0.38666666666666666
2,B,s,0.018
2,B,c,0.024
2,B,t,0.03133333333333333
2,B,s_shuffled,0.02
2,op2,a,0.31266666666666665
2,op2,b,0.2846666666666667
2,op2,s,0.04133333333333333
2,op2,c,0.023333333333333334
2,op2,t,0.026
2,op2,s_shuffled,0.020666666666666667
2,C,a,0.20533333333333334
2,C,b,0.2713333333333333
2,C,s,0.037333333333333336
2,C,c,0.6586666666666666
2,C,t,0.04133333333333333
2,eq,a,0.5146666666666667
2,eq,b,0.43266666666666664
2,eq,s,0.044
2,eq,c,0.4786666666666667
2,eq,t,0.056666666666666664
2,eq,s_shuffled,0.020666666666666667
3,A,a,0.9966666666666667
3,A,b,0.016666666666666666
3,A,s,0.012
3,A,c,0.026
3,A,t,0.029333333333333333
3,op1,a,0.9966666666666667
3,op1,b,0.016666666666666666
3,op1,s,0.009333333333333334
3,op1,c,0.027333333333333334
3,op1,t,0.028
3,B,a,0.14266666666666666
3,B,b,0.374
3,B,s,0.013333333333333334
3,B,c,0.023333333333333334
3,B,t,0.023333333333333334
3,B,s_shuffled,0.02266666666666667
3,op2,a,0.32466666666666666
3,op2,b,0.286
3,op2,s,0.03333333333333333
3,op2,c,0.026
3,op2,t,0.023333333333333334
3,op2,s_shuffled,0.018
3,C,a,0.226
3,C,b,0.29133333333333333
3,C,s,0.028666666666666667
3,C,c,0.6273333333333333
3,C,t,0.03866666666666667
3,eq,a,0.516
3,eq,b,0.42333333333333334
3,eq,s,0.03933333333333333
3,eq,c,0.4666666666666667
3,eq,t,0.048666666666666664
3,eq,s_shuffled,0.015333333333333332
4,A,a,0.9966666666666667
4,A,b,0.018
4,A,s,0.010666666666666666
4,A,c,0.023333333333333334
4,A,t,0.03
4,op1,a,0.9966666666666667
4,op1,b,0.016
4,op1,s,0.010666666666666666
4,op1,c,0.02666666666666667
4,op1,t,0.028
4,B,a,0.156
4,B,b,0.36133333333333334
4,B,s,0.018666666666666668
4,B,c,0.022
4,B,t,0.025333333333333333
4,B,s_shuffled,0.017333333333333333
4,op2,a,0.344
4,op2,b,0.276
4,op2,s,0.032
4,op2,c,0.02666666666666667
4,op2,t,0.022
4,op2,s_shuffled,0.014666666666666666
4,C,a,0.23866666666666667
4,C,b,0.296
4,C,s,0.037333333333333336
4,C,c,0.6213333333333333
4,C,t,0.042
4,eq,a,0.524
4,eq,b,0.4126666666666667
4,eq,s,0.037333333333333336
4,eq,c,0.442
4,eq,t,0.050666666666666665
4,eq,s_shuffled,0.019333333333333334
5,A,a,0.9966666666666667
5,A,b,0.017333333333333333
5,A,s,0.011333333333333334
5,A,c,0.024
5,A,t,0.028666666666666667
5,op1,a,0.9966666666666667
5,op1,b,0.016
5,op1,s,0.011333333333333334
5,op1,c,0.025333333333333333
5,op1,t,0.026
5,B,a,0.15
5,B,b,0.3426666666666667
5,B,s,0.02
5,B,c,0.022
5,B,t,0.025333333333333333
5,B,s_shuffled,0.021333333333333333
5,op2,a,0.358
5,op2,b,0.2733333333333333
5,op2,s,0.042666666666666665
5,op2,c,0.02666666666666667
5,op2,t,0.025333333333333333
5,op2,s_shuffled,0.022
5,C,a,0.24466666666666667
5,C,b,0.3
5,C,s,0.03333333333333333
5,C,c,0.6173333333333333
5,C,t,0.051333333333333335
5,eq,a,0.51
5,eq,b,0.3933333333333333
5,eq,s,0.042
5,eq,c,0.44133333333333336
5,eq,t,0.051333333333333335
5,eq,s_shuffled,0.018
6,A,a,0.9966666666666667
6,A,b,0.019333333333333334
6,A,s,0.012
6,A,c,0.024666666666666667
6,A,t,0.028
6,op1,a,0.9966666666666667
6,op1,b,0.014666666666666666
6,op1,s,0.011333333333333334
6,op1,c,0.025333333333333333
6,op1,t,0.028
6,B,a,0.152
6,B,b,0.36733333333333335
6,B,s,0.011333333333333334
6,B,c,0.018666666666666668
6,B,t,0.025333333333333333
6,B,s_shuffled,0.008666666666666666
6,op2,a,0.36
6,op2,b,0.2853333333333333
6,op2,s,0.04733333333333333
6,op2,c,0.028
6,op2,t,0.025333333333333333
6,op2,s_shuffled,0.021333333333333333
6,C,a,0.252
6,C,b,0.30933333333333335
6,C,s,0.038
6,C,c,0.6106666666666667
6,C,t,0.042666666666666665
6,eq,a,0.5033333333333333
6,eq,b,0.386
6,eq,s,0.04666666666666667
6,eq,c,0.436
6,eq,t,0.058
6,eq,s_shuffled,0.017333333333333333
7,A,a,0.9966666666666667
7,A,b,0.020666666666666667
7,A,s,0.012
7,A,c,0.024666666666666667
7,A,t,0.027333333333333334
7,op1,a,0.9966666666666667
7,op1,b,0.014
7,op1,s,0.011333333333333334
7,op1,c,0.024666666666666667
7,op1,t,0.029333333333333333
7,B,a,0.166
7,B,b,0.354
7,B,s,0.016
7,B,c,0.014
7,B,t,0.025333333333333333
7,B,s_shuffled,0.016
7,op2,a,0.36733333333333335
7,op2,b,0.282
7,op2,s,0.038
7,op2,c,0.02666666666666667
7,op2,t,0.027333333333333334
7,op2,s_shuffled,0.019333333333333334
7,C,a,0.26
7,C,b,0.30133333333333334
7,C,s,0.03933333333333333
7,C,c,0.6113333333333333
7,C,t,0.046
7,eq,a,0.494
7,eq,b,0.36933333333333335
7,eq,s,0.042666666666666665
7,eq,c,0.42133333333333334
7,eq,t,0.04733333333333333
7,eq,s_shuffled,0.010666666666666666
8,A,a,0.9966666666666667
8,A,b,0.02
8,A,s,0.01
8,A,c,0.024
8,A,t,0.02666666666666667
8,op1,a,0.9966666666666667
8,op1,b,0.015333333333333332
8,op1,s,0.012
8,op1,c,0.023333333333333334
8,op1,t,0.027333333333333334
8,B,a,0.15866666666666668
8,B,b,0.3473333333333333
8,B,s,0.015333333333333332
8,B,c,0.02266666666666667
8,B,t,0.025333333333333333
8,B,s_shuffled,0.014666666666666666
8,op2,a,0.3873333333333333
8,op2,b,0.2833333333333333
8,op2,s,0.042666666666666665
8,op2,c,0.02666666666666667
8,op2,t,0.028
8,op2,s_shuffled,0.015333333333333332
8,C,a,0.2806666666666667
8,C,b,0.326
8,C,s,0.037333333333333336
8,C,c,0.5993333333333334
8,C,t,0.043333333333333335
8,eq,a,0.49066666666666664
8,eq,b,0.37933333333333336
8,eq,s,0.046
8,eq,c,0.42333333333333334
8,eq,t,0.058666666666666666
8,eq,s_shuffled,0.011333333333333334
9,A,a,0.9966666666666667
9,A,b,0.017333333333333333
9,A,s,0.01
9,A,c,0.02266666666666667
9,A,t,0.028
9,op1,a,0.9966666666666667
9,op1,b,0.014
9,op1,s,0.013333333333333334
9,op1,c,0.02266666666666667
9,op1,t,0.025333333333333333
9,B,a,0.174
9,B,b,0.33666666666666667
9,B,s,0.014
9,B,c,0.018666666666666668
9,B,t,0.021333333333333333
9,B,s_shuffled,0.018666666666666668
9,op2,a,0.37266666666666665
9,op2,b,0.288
9,op2,s,0.027333333333333334
9,op2,c,0.024
9,op2,t,0.027333333333333334
9,op2,s_shuffled,0.018666666666666668
9,C,a,0.30266666666666664
9,C,b,0.32666666666666666
9,C,s,0.042666666666666665
9,C,c,0.6013333333333334
9,C,t,0.046
9,eq,a,0.5213333333333333
9,eq,b,0.36666666666666664
9,eq,s,0.042666666666666665
9,eq,c,0.434
9,eq,t,0.058666666666666666
9,eq,s_shuffled,0.012666666666666666
10,A,a,0.9966666666666667
10,A,b,0.017333333333333333
10,A,s,0.01
10,A,c,0.02266666666666667
10,A,t,0.027333333333333334
10,op1,a,0.9966666666666667
10,op1,b,0.016
10,op1,s,0.012
10,op1,c,0.022
10,op1,t,0.024666666666666667
10,B,a,0.18
10,B,b,0.336
10,B,s,0.018
10,B,c,0.017333333333333333
10,B,t,0.022
10,B,s_shuffled,0.023333333333333334
10,op2,a,0.3873333333333333
10,op2,b,0.2786666666666667
10,op2,s,0.03
10,op2,c,0.021333333333333333
10,op2,t,0.026
10,op2,s_shuffled,0.015333333333333332
10,C,a,0.30133333333333334
10,C,b,0.3233333333333333
10,C,s,0.04066666666666666
10,C,c,0.596
10,C,t,0.04133333333333333
10,eq,a,0.52
10,eq,b,0.38066666666666665
10,eq,s,0.04733333333333333
10,eq,c,0.432
10,eq,t,0.062
10,eq,s_shuffled,0.016
11,A,a,0.9966666666666667
11,A,b,0.017333333333333333
11,A,s,0.010666666666666666
11,A,c,0.021333333333333333
11,A,t,0.03
11,op1,a,0.9966666666666667
11,op1,b,0.013333333333333334
11,op1,s,0.012
11,op1,c,0.022
11,op1,t,0.025333333333333333
11,B,a,0.188
11,B,b,0.31533333333333335
11,B,s,0.013333333333333334
11,B,c,0.016666666666666666
11,B,t,0.024
11,B,s_shuffled,0.018
11,op2,a,0.4013333333333333
11,op2,b,0.2926666666666667
11,op2,s,0.038
11,op2,c,0.026
11,op2,t,0.02
11,op2,s_shuffled,0.016
11,C,a,0.31733333333333336
11,C,b,0.32866666666666666
11,C,s,0.03866666666666667
11,C,c,0.5966666666666667
11,C,t,0.042666666666666665
11,eq,a,0.5386666666666666
11,eq,b,0.384
11,eq,s,0.04666666666666667
11,eq,c,0.43133333333333335
11,eq,t,0.06
11,eq,s_shuffled,0.016666666666666666
12,A,a,0.9966666666666667
12,A,b,0.016
12,A,s,0.010666666666666666
12,A,c,0.021333333333333333
12,A,t,0.03
12,op1,a,0.9966666666666667
12,op1,b,0.014666666666666666
12,op1,s,0.012
12,op1,c,0.02266666666666667
12,op1,t,0.025333333333333333
12,B,a,0.2
12,B,b,0.31266666666666665
12,B,s,0.013333333333333334
12,B,c,0.016
12,B,t,0.02
12,B,s_shuffled,0.006666666666666667
12,op2,a,0.4026666666666667
12,op2,b,0.29733333333333334
12,op2,s,0.036
12,op2,c,0.02266666666666667
12,op2,t,0.023333333333333334
12,op2,s_shuffled,0.012
12,C,a,0.314
12,C,b,0.33
12,C,s,0.037333333333333336
12,C,c,0.6086666666666667
12,C,t,0.048
12,eq,a,0.5333333333333333
12,eq,b,0.382
12,eq,s,0.048666666666666664
12,eq,c,0.44733333333333336
12,eq,t,0.06133333333333333
12,eq,s_shuffled,0.017333333333333333
13,A,a,0.9966666666666667
13,A,b,0.014666666666666666
13,A,s,0.01
13,A,c,0.022
13,A,t,0.03
13,op1,a,0.9966666666666667
13,op1,b,0.015333333333333332
13,op1,s,0.012
13,op1,c,0.022
13,op1,t,0.025333333333333333
13,B,a,0.196
13,B,b,0.328
13,B,s,0.013333333333333334
13,B,c,0.020666666666666667
13,B,t,0.021333333333333333
13,B,s_shuffled,0.018666666666666668
13,op2,a,0.3953333333333333
13,op2,b,0.30466666666666664
13,op2,s,0.03266666666666666
13,op2,c,0.025333333333333333
13,op2,t,0.021333333333333333
13,op2,s_shuffled,0.021333333333333333
13,C,a,0.32066666666666666
13,C,b,0.332
13,C,s,0.038
13,C,c,0.6006666666666667
13,C,t,0.051333333333333335
13,eq,a,0.5406666666666666
13,eq,b,0.374
13,eq,s,0.04666666666666667
13,eq,c,0.46066666666666667
13,eq,t,0.052
13,eq,s_shuffled,0.012666666666666666
14,A,a,0.9966666666666667
14,A,b,0.016
14,A,s,0.008666666666666666
14,A,c,0.020666666666666667
14,A,t,0.03
14,op1,a,0.9966666666666667
14,op1,b,0.016
14,op1,s,0.012
14,op1,c,0.021333333333333333
14,op1,t,0.026
14,B,a,0.19666666666666666
14,B,b,0.324
14,B,s,0.016
14,B,c,0.015333333333333332
14,B,t,0.021333333333333333
14,B,s_shuffled,0.017333333333333333
14,op2,a,0.4126666666666667
14,op2,b,0.31
14,op2,s,0.043333333333333335
14,op2,c,0.023333333333333334
14,op2,t,0.02
14,op2,s_shuffled,0.015333333333333332
14,C,a,0.34
14,C,b,0.3446666666666667
14,C,s,0.03866666666666667
14,C,c,0.6173333333333333
14,C,t,0.04466666666666667
14,eq,a,0.54
14,eq,b,0.39
14,eq,s,0.04733333333333333
14,eq,c,0.4653333333333333
14,eq,t,0.058
14,eq,s_shuffled,0.015333333333333332
15,A,a,0.9966666666666667
15,A,b,0.015333333333333332
15,A,s,0.009333333333333334
15,A,c,0.022
15,A,t,0.029333333333333333
15,op1,a,0.9966666666666667
15,op1,b,0.015333333333333332
15,op1,s,0.012
15,op1,c,0.021333333333333333
15,op1,t,0.026
15,B,a,0.19733333333333333
15,B,b,0.33266666666666667
15,B,s,0.012666666666666666
15,B,c,0.016
15,B,t,0.026
15,B,s_shuffled,0.016666666666666666
15,op2,a,0.414
15,op2,b,0.2926666666666667
15,op2,s,0.035333333333333335
15,op2,c,0.02266666666666667
15,op2,t,0.027333333333333334
15,op2,s_shuffled,0.014
15,C,a,0.3506666666666667
15,C,b,0.3413333333333333
15,C,s,0.037333333333333336
15,C,c,0.6293333333333333
15,C,t,0.04466666666666667
15,eq,a,0.5546666666666666
15,eq,b,0.3873333333333333
15,eq,s,0.046
15,eq,c,0.468
15,eq,t,0.06066666666666667
15,eq,s_shuffled,0.022
16,A,a,0.9966666666666667
16,A,b,0.015333333333333332
16,A,s,0.009333333333333334
16,A,c,0.021333333333333333
16,A,t,0.029333333333333333
16,op1,a,0.9966666666666667
16,op1,b,0.014666666666666666
16,op1,s,0.012
16,op1,c,0.021333333333333333
16,op1,t,0.026
16,B,a,0.232
16,B,b,0.33466666666666667
16,B,s,0.018
16,B,c,0.015333333333333332
16,B,t,0.027333333333333334
16,B,s_shuffled,0.020666666666666667
16,op2,a,0.42533333333333334
16,op2,b,0.31266666666666665
16,op2,s,0.042
16,op2,c,0.023333333333333334
16,op2,t,0.027333333333333334
16,op2,s_shuffled,0.019333333333333334
16,C,a,0.368
16,C,b,0.3446666666666667
16,C,s,0.03866666666666667
16,C,c,0.634
16,C,t,0.044
16,eq,a,0.556
16,eq,b,0.3893333333333333
16,eq,s,0.048666666666666664
16,eq,c,0.47333333333333333
16,eq,t,0.058
16,eq,s_shuffled,0.019333333333333334
17,A,a,0.9966666666666667
17,A,b,0.015333333333333332
17,A,s,0.009333333333333334
17,A,c,0.021333333333333333
17,A,t,0.03
17,op1,a,0.9966666666666667
17,op1,b,0.015333333333333332
17,op1,s,0.012666666666666666
17,op1,c,0.02266666666666667
17,op1,t,0.026
17,B,a,0.21333333333333335
17,B,b,0.33666666666666667
17,B,s,0.021333333333333333
17,B,c,0.016
17,B,t,0.026
17,B,s_shuffled,0.016666666666666666
17,op2,a,0.43
17,op2,b,0.3233333333333333
17,op2,s,0.046
17,op2,c,0.02666666666666667
17,op2,t,0.028666666666666667
17,op2,s_shuffled,0.018
17,C,a,0.37266666666666665
17,C,b,0.352
17,C,s,0.03666666666666667
17,C,c,0.6426666666666667
17,C,t,0.046
17,eq,a,0.5653333333333334
17,eq,b,0.3893333333333333
17,eq,s,0.042666666666666665
17,eq,c,0.48533333333333334
17,eq,t,0.06
17,eq,s_shuffled,0.012
18,A,a,0.9966666666666667
18,A,b,0.014666666666666666
18,A,s,0.01
18,A,c,0.021333333333333333
18,A,t,0.03
18,op1,a,0.9966666666666667
18,op1,b,0.016
18,op1,s,0.012666666666666666
18,op1,c,0.023333333333333334
18,op1,t,0.026
18,B,a,0.20666666666666667
18,B,b,0.358
18,B,s,0.023333333333333334
18,B,c,0.018
18,B,t,0.026
18,B,s_shuffled,0.019333333333333334
18,op2,a,0.4266666666666667
18,op2,b,0.332
18,op2,s,0.04933333333333333
18,op2,c,0.022
18,op2,t,0.02666666666666667
18,op2,s_shuffled,0.014666666666666666
18,C,a,0.38866666666666666
18,C,b,0.36
18,C,s,0.038
18,C,c,0.6386666666666667
18,C,t,0.051333333333333335
18,eq,a,0.592
18,eq,b,0.39466666666666667
18,eq,s,0.04533333333333334
18,eq,c,0.48133333333333334
18,eq,t,0.06333333333333334
18,eq,s_shuffled,0.018666666666666668
19,A,a,0.9966666666666667
19,A,b,0.013333333333333334
19,A,s,0.01
19,A,c,0.021333333333333333
19,A,t,0.03
19,op1,a,0.9966666666666667
19,op1,b,0.015333333333333332
19,op1,s,0.012666666666666666
19,op1,c,0.023333333333333334
19,op1,t,0.026
19,B,a,0.218
19,B,b,0.3506666666666667
19,B,s,0.023333333333333334
19,B,c,0.022
19,B,t,0.025333333333333333
19,B,s_shuffled,0.010666666666666666
19,op2,a,0.43133333333333335
19,op2,b,0.3353333333333333
19,op2,s,0.05
19,op2,c,0.024666666666666667
19,op2,t,0.030666666666666665
19,op2,s_shuffled,0.019333333333333334
19,C,a,0.39866666666666667
19,C,b,0.35133333333333333
19,C,s,0.04
19,C,c,0.6486666666666666
19,C,t,0.043333333333333335
19,eq,a,0.586
19,eq,b,0.3993333333333333
19,eq,s,0.04533333333333334
19,eq,c,0.49066666666666664
19,eq,t,0.06133333333333333
19,eq,s_shuffled,0.010666666666666666
20,A,a,0.9966666666666667
20,A,b,0.013333333333333334
20,A,s,0.01
20,A,c,0.021333333333333333
20,A,t,0.03
20,op1,a,0.9966666666666667
20,op1,b,0.015333333333333332
20,op1,s,0.012666666666666666
20,op1,c,0.024666666666666667
20,op1,t,0.026
20,B,a,0.21666666666666667
20,B,b,0.3546666666666667
20,B,s,0.015333333333333332
20,B,c,0.021333333333333333
20,B,t,0.026
20,B,s_shuffled,0.012666666666666666
20,op2,a,0.44466666666666665
20,op2,b,0.35133333333333333
20,op2,s,0.05266666666666667
20,op2,c,0.024666666666666667
20,op2,t,0.028
20,op2,s_shuffled,0.011333333333333334
20,C,a,0.39466666666666667
20,C,b,0.36333333333333334
20,C,s,0.042666666666666665
20,C,c,0.6593333333333333
20,C,t,0.043333333333333335
20,eq,a,0.598
20,eq,b,0.39066666666666666
20,eq,s,0.04533333333333334
20,eq,c,0.49066666666666664
20,eq,t,0.056666666666666664
20,eq,s_shuffled,0.019333333333333334
21,A,a,0.9966666666666667
21,A,b,0.013333333333333334
21,A,s,0.01
21,A,c,0.021333333333333333
21,A,t,0.03
21,op1,a,0.9966666666666667
21,op1,b,0.016
21,op1,s,0.012666666666666666
21,op1,c,0.024666666666666667
21,op1,t,0.024666666666666667
21,B,a,0.22533333333333333
21,B,b,0.36733333333333335
21,B,s,0.018
21,B,c,0.019333333333333334
21,B,t,0.027333333333333334
21,B,s_shuffled,0.013333333333333334
21,op2,a,0.44066666666666665
21,op2,b,0.37333333333333335
21,op2,s,0.043333333333333335
21,op2,c,0.026
21,op2,t,0.027333333333333334
21,op2,s_shuffled,0.014666666666666666
21,C,a,0.4146666666666667
21,C,b,0.36133333333333334
21,C,s,0.04066666666666666
21,C,c,0.672
21,C,t,0.04133333333333333
21,eq,a,0.6153333333333333
21,eq,b,0.404
21,eq,s,0.046
21,eq,c,0.482
21,eq,t,0.058
21,eq,s_shuffled,0.019333333333333334
22,A,a,0.9966666666666667
22,A,b,0.013333333333333334
22,A,s,0.01
22,A,c,0.021333333333333333
22,A,t,0.03
22,op1,a,0.9966666666666667
22,op1,b,0.016
22,op1,s,0.012666666666666666
22,op1,c,0.024666666666666667
22,op1,t,0.024666666666666667
22,B,a,0.22
22,B,b,0.36866666666666664
22,B,s,0.016
22,B,c,0.019333333333333334
22,B,t,0.027333333333333334
22,B,s_shuffled,0.019333333333333334
22,op2,a,0.45
22,op2,b,0.382
22,op2,s,0.04733333333333333
22,op2,c,0.02666666666666667
22,op2,t,0.026
22,op2,s_shuffled,0.02
22,C,a,0.41333333333333333
22,C,b,0.36333333333333334
22,C,s,0.03666666666666667
22,C,c,0.6653333333333333
22,C,t,0.04133333333333333
22,eq,a,0.6333333333333333
22,eq,b,0.4126666666666667
22,eq,s,0.046
22,eq,c,0.49733333333333335
22,eq,t,0.056666666666666664
22,eq,s_shuffled,0.021333333333333333
23,A,a,0.9966666666666667
23,A,b,0.013333333333333334
23,A,s,0.01
23,A,c,0.021333333333333333
23,A,t,0.03
23,op1,a,0.9966666666666667
23,op1,b,0.016
23,op1,s,0.012666666666666666
23,op1,c,0.024666666666666667
23,op1,t,0.025333333333333333
23,B,a,0.24066666666666667
23,B,b,0.37733333333333335
23,B,s,0.016666666666666666
23,B,c,0.020666666666666667
23,B,t,0.026
23,B,s_shuffled,0.007333333333333333
23,op2,a,0.47933333333333333
23,op2,b,0.372
23,op2,s,0.056666666666666664
23,op2,c,0.026
23,op2,t,0.024666666666666667
23,op2,s_shuffled,0.016
23,C,a,0.418
23,C,b,0.36533333333333334
23,C,s,0.04133333333333333
23,C,c,0.674
23,C,t,0.04
23,eq,a,0.6446666666666667
23,eq,b,0.4093333333333333
23,eq,s,0.044
23,eq,c,0.5033333333333333
23,eq,t,0.062
23,eq,s_shuffled,0.015333333333333332
24,A,a,0.9966666666666667
24,A,b,0.014
24,A,s,0.01
24,A,c,0.021333333333333333
24,A,t,0.03
24,op1,a,0.9966666666666667
24,op1,b,0.016
24,op1,s,0.012666666666666666
24,op1,c,0.024666666666666667
24,op1,t,0.025333333333333333
24,B,a,0.254
24,B,b,0.3913333333333333
24,B,s,0.020666666666666667
24,B,c,0.022
24,B,t,0.025333333333333333
24,B,s_shuffled,0.014
24,op2,a,0.48533333333333334
24,op2,b,0.378
24,op2,s,0.05533333333333333
24,op2,c,0.026
24,op2,t,0.025333333333333333
24,op2,s_shuffled,0.019333333333333334
24,C,a,0.43
24,C,b,0.358
24,C,s,0.04066666666666666
24,C,c,0.6673333333333333
24,C,t,0.042
24,eq,a,0.6486666666666666
24,eq,b,0.408
24,eq,s,0.044
24,eq,c,0.5113333333333333
24,eq,t,0.06266666666666666
24,eq,s_shuffled,0.020666666666666667
25,A,a,0.9966666666666667
25,A,b,0.014666666666666666
25,A,s,0.01
25,A,c,0.021333333333333333
25,A,t,0.030666666666666665
25,op1,a,0.9966666666666667
25,op1,b,0.016
25,op1,s,0.012666666666666666
25,op1,c,0.024666666666666667
25,op1,t,0.025333333333333333
25,B,a,0.25133333333333335
25,B,b,0.4033333333333333
25,B,s,0.024
25,B,c,0.020666666666666667
25,B,t,0.024666666666666667
25,B,s_shuffled,0.011333333333333334
25,op2,a,0.506
25,op2,b,0.3973333333333333
25,op2,s,0.050666666666666665
25,op2,c,0.02666666666666667
25,op2,t,0.025333333333333333
25,op2,s_shuffled,0.014666666666666666
25,C,a,0.436
25,C,b,0.366
25,C,s,0.03933333333333333
25,C,c,0.6753333333333333
25,C,t,0.036
25,eq,a,0.6546666666666666
25,eq,b,0.422
25,eq,s,0.048666666666666664
25,eq,c,0.5193333333333333
25,eq,t,0.062
25,eq,s_shuffled,0.015333333333333332
26,A,a,0.9966666666666667
26,A,b,0.014666666666666666
26,A,s,0.01
26,A,c,0.021333333333333333
26,A,t,0.030666666666666665
26,op1,a,0.9966666666666667
26,op1,b,0.015333333333333332
26,op1,s,0.012666666666666666
26,op1,c,0.024666666666666667
26,op1,t,0.025333333333333333
26,B,a,0.25
26,B,b,0.4013333333333333
26,B,s,0.026
26,B,c,0.018
26,B,t,0.024
26,B,s_shuffled,0.016666666666666666
26,op2,a,0.5166666666666667
26,op2,b,0.3993333333333333
26,op2,s,0.056666666666666664
26,op2,c,0.026
26,op2,t,0.028666666666666667
26,op2,s_shuffled,0.010666666666666666
26,C,a,0.44466666666666665
26,C,b,0.37066666666666664
26,C,s,0.038
26,C,c,0.6993333333333334
26,C,t,0.03933333333333333
26,eq,a,0.6633333333333333
26,eq,b,0.41933333333333334
26,eq,s,0.048
26,eq,c,0.514
26,eq,t,0.06
26,eq,s_shuffled,0.016666666666666666
27,A,a,0.9966666666666667
27,A,b,0.014666666666666666
27,A,s,0.01
27,A,c,0.021333333333333333
27,A,t,0.030666666666666665
27,op1,a,0.9966666666666667
27,op1,b,0.015333333333333332
27,op1,s,0.012666666666666666
27,op1,c,0.024666666666666667
27,op1,t,0.025333333333333333
27,B,a,0.258
27,B,b,0.4086666666666667
27,B,s,0.021333333333333333
27,B,c,0.018
27,B,t,0.028
27,B,s_shuffled,0.022
27,op2,a,0.534
27,op2,b,0.4146666666666667
27,op2,s,0.05466666666666667
27,op2,c,0.02666666666666667
27,op2,t,0.027333333333333334
27,op2,s_shuffled,0.016
27,C,a,0.4513333333333333
27,C,b,0.36866666666666664
27,C,s,0.04133333333333333
27,C,c,0.6973333333333334
27,C,t,0.042666666666666665
27,eq,a,0.6646666666666666
27,eq,b,0.42533333333333334
27,eq,s,0.046
27,eq,c,0.5313333333333333
27,eq,t,0.06466666666666666
27,eq,s_shuffled,0.012666666666666666
28,A,a,0.9966666666666667
28,A,b,0.014666666666666666
28,A,s,0.01
28,A,c,0.021333333333333333
28,A,t,0.030666666666666665
28,op1,a,0.9966666666666667
28,op1,b,0.015333333333333332
28,op1,s,0.012666666666666666
28,op1,c,0.024666666666666667
28,op1,t,0.025333333333333333
28,B,a,0.2806666666666667
28,B,b,0.4033333333333333
28,B,s,0.02266666666666667
28,B,c,0.016666666666666666
28,B,t,0.028666666666666667
28,B,s_shuffled,0.014666666666666666
28,op2,a,0.5393333333333333
28,op2,b,0.444
28,op2,s,0.06266666666666666
28,op2,c,0.025333333333333333
28,op2,t,0.029333333333333333
28,op2,s_shuffled,0.012
28,C,a,0.46066666666666667
28,C,b,0.37933333333333336
28,C,s,0.03933333333333333
28,C,c,0.702
28,C,t,0.04733333333333333
28,eq,a,0.6726666666666666
28,eq,b,0.43
28,eq,s,0.04733333333333333
28,eq,c,0.538
28,eq,t,0.06733333333333333
28,eq,s_shuffled,0.013333333333333334
29,A,a,0.9966666666666667
29,A,b,0.014666666666666666
29,A,s,0.01
29,A,c,0.021333333333333333
29,A,t,0.030666666666666665
29,op1,a,0.9966666666666667
29,op1,b,0.015333333333333332
29,op1,s,0.012666666666666666
29,op1,c,0.024666666666666667
29,op1,t,0.025333333333333333
29,B,a,0.294
29,B,b,0.404
29,B,s,0.02666666666666667
29,B,c,0.019333333333333334
29,B,t,0.03
29,B,s_shuffled,0.012
29,op2,a,0.5406666666666666
29,op2,b,0.44
29,op2,s,0.06333333333333334
29,op2,c,0.025333333333333333
29,op2,t,0.028
29,op2,s_shuffled,0.014666666666666666
29,C,a,0.47933333333333333
29,C,b,0.37666666666666665
29,C,s,0.036
29,C,c,0.702
29,C,t,0.04733333333333333
29,eq,a,0.6813333333333333
29,eq,b,0.43333333333333335
29,eq,s,0.048666666666666664
29,eq,c,0.54
29,eq,t,0.06733333333333333
29,eq,s_shuffled,0.016666666666666666
30,A,a,0.9966666666666667
30,A,b,0.014666666666666666
30,A,s,0.01
30,A,c,0.021333333333333333
30,A,t,0.030666666666666665
30,op1,a,0.9966666666666667
30,op1,b,0.015333333333333332
30,op1,s,0.012666666666666666
30,op1,c,0.024666666666666667
30,op1,t,0.025333333333333333
30,B,a,0.2906666666666667
30,B,b,0.4046666666666667
30,B,s,0.027333333333333334
30,B,c,0.024
30,B,t,0.030666666666666665
30,B,s_shuffled,0.02
30,op2,a,0.552
30,op2,b,0.44866666666666666
30,op2,s,0.06666666666666667
30,op2,c,0.025333333333333333
30,op2,t,0.027333333333333334
30,op2,s_shuffled,0.018
30,C,a,0.486
30,C,b,0.376
30,C,s,0.04133333333333333
30,C,c,0.7066666666666667
30,C,t,0.04733333333333333
30,eq,a,0.688
30,eq,b,0.44
30,eq,s,0.05
30,eq,c,0.5433333333333333
30,eq,t,0.06266666666666666
30,eq,s_shuffled,0.012666666666666666
31,A,a,0.9966666666666667
31,A,b,0.014666666666666666
31,A,s,0.01
31,A,c,0.021333333333333333
31,A,t,0.030666666666666665
31,op1,a,0.9966666666666667
31,op1,b,0.015333333333333332
31,op1,s,0.012666666666666666
31,op1,c,0.024666666666666667
31,op1,t,0.025333333333333333
31,B,a,0.29333333333333333
31,B,b,0.402
31,B,s,0.034666666666666665
31,B,c,0.025333333333333333
31,B,t,0.028
31,B,s_shuffled,0.012
31,op2,a,0.5586666666666666
31,op2,b,0.4766666666666667
31,op2,s,0.06533333333333333
31,op2,c,0.02266666666666667
31,op2,t,0.034
31,op2,s_shuffled,0.016666666666666666
31,C,a,0.488
31,C,b,0.376
31,C,s,0.042666666666666665
31,C,c,0.724
31,C,t,0.04733333333333333
31,eq,a,0.6913333333333334
31,eq,b,0.43266666666666664
31,eq,s,0.05533333333333333
31,eq,c,0.554
31,eq,t,0.06466666666666666
31,eq,s_shuffled,0.014666666666666666
